<?xml version="1.0" encoding="UTF-8" ?>
<odoo>
    <data noupdate="1">
        <!--  -->

        <record id="ir_sequence_auto_create_gtin" model="ir.sequence">
            <field name="name">Auto Create GTIN Sequence</field>
            <field name="code">gtin.stock.package.type</field>
            <field name="implementation">no_gap</field>
            <field eval="1" name="number_next"/>
            <field eval="1" name="number_increment"/>
            <field name="prefix">00</field>
            <field name="padding">18</field>
        </record>
    </data>

    <data noupdate="0">
        <function model="res.company" name="create_missing_sequences"/>
    </data>
</odoo>